title,summary,updated,link/_type,link/_href,id
Windsor Downtown: Current Observation,2 - Low Risk,2025-01-20T13:00:00-05:00,text/html,http://www.airqualityontario.com/aqhi/today.php?sites=12008,"tag:airqualityontario.com,2025-01-20:ontario-aqhi-12008-2:202501201300"
Windsor Downtown: Forecast Monday,3 - Low Risk,2025-01-20T06:02:00-05:00,text/html,http://www.airqualityontario.com/aqhi/today.php?sites=12008,"tag:airqualityontario.com,2025-01-20:ontario-aqhi-f1-12008-3:202501200602"
Windsor Downtown: Forecast Monday Night,3 - Low Risk,2025-01-20T06:02:00-05:00,text/html,http://www.airqualityontario.com/aqhi/today.php?sites=12008,"tag:airqualityontario.com,2025-01-20:ontario-aqhi-f2-12008-3:202501200602"
Windsor Downtown: Forecast Tuesday,2 - Low Risk,2025-01-20T06:02:00-05:00,text/html,http://www.airqualityontario.com/aqhi/today.php?sites=12008,"tag:airqualityontario.com,2025-01-20:ontario-aqhi-f3-12008-2:202501200602"
Windsor West: Current Observation,3 - Low Risk,2025-01-20T13:00:00-05:00,text/html,http://www.airqualityontario.com/aqhi/today.php?sites=12016,"tag:airqualityontario.com,2025-01-20:ontario-aqhi-12016-3:202501201300"
Windsor West: Forecast Monday,3 - Low Risk,2025-01-20T06:02:00-05:00,text/html,http://www.airqualityontario.com/aqhi/today.php?sites=12016,"tag:airqualityontario.com,2025-01-20:ontario-aqhi-f1-12016-3:202501200602"
Windsor West: Forecast Monday Night,3 - Low Risk,2025-01-20T06:02:00-05:00,text/html,http://www.airqualityontario.com/aqhi/today.php?sites=12016,"tag:airqualityontario.com,2025-01-20:ontario-aqhi-f2-12016-3:202501200602"
Windsor West: Forecast Tuesday,2 - Low Risk,2025-01-20T06:02:00-05:00,text/html,http://www.airqualityontario.com/aqhi/today.php?sites=12016,"tag:airqualityontario.com,2025-01-20:ontario-aqhi-f3-12016-2:202501200602"
Chatham: Current Observation,2 - Low Risk,2025-01-20T13:00:00-05:00,text/html,http://www.airqualityontario.com/aqhi/today.php?sites=13001,"tag:airqualityontario.com,2025-01-20:ontario-aqhi-13001-2:202501201300"
Chatham: Forecast Monday,3 - Low Risk,2025-01-20T06:02:00-05:00,text/html,http://www.airqualityontario.com/aqhi/today.php?sites=13001,"tag:airqualityontario.com,2025-01-20:ontario-aqhi-f1-13001-3:202501200602"
Chatham: Forecast Monday Night,2 - Low Risk,2025-01-20T06:02:00-05:00,text/html,http://www.airqualityontario.com/aqhi/today.php?sites=13001,"tag:airqualityontario.com,2025-01-20:ontario-aqhi-f2-13001-2:202501200602"
Chatham: Forecast Tuesday,2 - Low Risk,2025-01-20T06:02:00-05:00,text/html,http://www.airqualityontario.com/aqhi/today.php?sites=13001,"tag:airqualityontario.com,2025-01-20:ontario-aqhi-f3-13001-2:202501200602"
Sarnia: Current Observation,2 - Low Risk,2025-01-20T13:00:00-05:00,text/html,http://www.airqualityontario.com/aqhi/today.php?sites=14111,"tag:airqualityontario.com,2025-01-20:ontario-aqhi-14111-2:202501201300"
Sarnia: Forecast Monday,3 - Low Risk,2025-01-20T06:02:00-05:00,text/html,http://www.airqualityontario.com/aqhi/today.php?sites=14111,"tag:airqualityontario.com,2025-01-20:ontario-aqhi-f1-14111-3:202501200602"
Sarnia: Forecast Monday Night,3 - Low Risk,2025-01-20T06:02:00-05:00,text/html,http://www.airqualityontario.com/aqhi/today.php?sites=14111,"tag:airqualityontario.com,2025-01-20:ontario-aqhi-f2-14111-3:202501200602"
Sarnia: Forecast Tuesday,2 - Low Risk,2025-01-20T06:02:00-05:00,text/html,http://www.airqualityontario.com/aqhi/today.php?sites=14111,"tag:airqualityontario.com,2025-01-20:ontario-aqhi-f3-14111-2:202501200602"
London: Current Observation,2 - Low Risk,2025-01-20T13:00:00-05:00,text/html,http://www.airqualityontario.com/aqhi/today.php?sites=15026,"tag:airqualityontario.com,2025-01-20:ontario-aqhi-15026-2:202501201300"
London: Forecast Monday,2 - Low Risk,2025-01-20T06:02:00-05:00,text/html,http://www.airqualityontario.com/aqhi/today.php?sites=15026,"tag:airqualityontario.com,2025-01-20:ontario-aqhi-f1-15026-2:202501200602"
London: Forecast Monday Night,2 - Low Risk,2025-01-20T06:02:00-05:00,text/html,http://www.airqualityontario.com/aqhi/today.php?sites=15026,"tag:airqualityontario.com,2025-01-20:ontario-aqhi-f2-15026-2:202501200602"
London: Forecast Tuesday,2 - Low Risk,2025-01-20T06:02:00-05:00,text/html,http://www.airqualityontario.com/aqhi/today.php?sites=15026,"tag:airqualityontario.com,2025-01-20:ontario-aqhi-f3-15026-2:202501200602"
Port Stanley: Current Observation,2 - Low Risk,2025-01-20T13:00:00-05:00,text/html,http://www.airqualityontario.com/aqhi/today.php?sites=16015,"tag:airqualityontario.com,2025-01-20:ontario-aqhi-16015-2:202501201300"
Port Stanley: Forecast Monday,2 - Low Risk,2025-01-20T06:02:00-05:00,text/html,http://www.airqualityontario.com/aqhi/today.php?sites=16015,"tag:airqualityontario.com,2025-01-20:ontario-aqhi-f1-16015-2:202501200602"
Port Stanley: Forecast Monday Night,2 - Low Risk,2025-01-20T06:02:00-05:00,text/html,http://www.airqualityontario.com/aqhi/today.php?sites=16015,"tag:airqualityontario.com,2025-01-20:ontario-aqhi-f2-16015-2:202501200602"
Port Stanley: Forecast Tuesday,2 - Low Risk,2025-01-20T06:02:00-05:00,text/html,http://www.airqualityontario.com/aqhi/today.php?sites=16015,"tag:airqualityontario.com,2025-01-20:ontario-aqhi-f3-16015-2:202501200602"
Tiverton: Current Observation,2 - Low Risk,2025-01-20T13:00:00-05:00,text/html,http://www.airqualityontario.com/aqhi/today.php?sites=18007,"tag:airqualityontario.com,2025-01-20:ontario-aqhi-18007-2:202501201300"
Tiverton: Forecast Monday,2 - Low Risk,2025-01-20T06:02:00-05:00,text/html,http://www.airqualityontario.com/aqhi/today.php?sites=18007,"tag:airqualityontario.com,2025-01-20:ontario-aqhi-f1-18007-2:202501200602"
Tiverton: Forecast Monday Night,2 - Low Risk,2025-01-20T06:02:00-05:00,text/html,http://www.airqualityontario.com/aqhi/today.php?sites=18007,"tag:airqualityontario.com,2025-01-20:ontario-aqhi-f2-18007-2:202501200602"
Tiverton: Forecast Tuesday,2 - Low Risk,2025-01-20T06:02:00-05:00,text/html,http://www.airqualityontario.com/aqhi/today.php?sites=18007,"tag:airqualityontario.com,2025-01-20:ontario-aqhi-f3-18007-2:202501200602"
Brantford: Current Observation,2 - Low Risk,2025-01-20T13:00:00-05:00,text/html,http://www.airqualityontario.com/aqhi/today.php?sites=21005,"tag:airqualityontario.com,2025-01-20:ontario-aqhi-21005-2:202501201300"
Brantford: Forecast Monday,2 - Low Risk,2025-01-20T06:02:00-05:00,text/html,http://www.airqualityontario.com/aqhi/today.php?sites=21005,"tag:airqualityontario.com,2025-01-20:ontario-aqhi-f1-21005-2:202501200602"
Brantford: Forecast Monday Night,2 - Low Risk,2025-01-20T06:02:00-05:00,text/html,http://www.airqualityontario.com/aqhi/today.php?sites=21005,"tag:airqualityontario.com,2025-01-20:ontario-aqhi-f2-21005-2:202501200602"
Brantford: Forecast Tuesday,2 - Low Risk,2025-01-20T06:02:00-05:00,text/html,http://www.airqualityontario.com/aqhi/today.php?sites=21005,"tag:airqualityontario.com,2025-01-20:ontario-aqhi-f3-21005-2:202501200602"
Kitchener: Current Observation,2 - Low Risk,2025-01-20T13:00:00-05:00,text/html,http://www.airqualityontario.com/aqhi/today.php?sites=26060,"tag:airqualityontario.com,2025-01-20:ontario-aqhi-26060-2:202501201300"
Kitchener: Forecast Monday,2 - Low Risk,2025-01-20T06:02:00-05:00,text/html,http://www.airqualityontario.com/aqhi/today.php?sites=26060,"tag:airqualityontario.com,2025-01-20:ontario-aqhi-f1-26060-2:202501200602"
Kitchener: Forecast Monday Night,3 - Low Risk,2025-01-20T06:02:00-05:00,text/html,http://www.airqualityontario.com/aqhi/today.php?sites=26060,"tag:airqualityontario.com,2025-01-20:ontario-aqhi-f2-26060-3:202501200602"
Kitchener: Forecast Tuesday,3 - Low Risk,2025-01-20T06:02:00-05:00,text/html,http://www.airqualityontario.com/aqhi/today.php?sites=26060,"tag:airqualityontario.com,2025-01-20:ontario-aqhi-f3-26060-3:202501200602"
St. Catharines: Current Observation,2 - Low Risk,2025-01-20T13:00:00-05:00,text/html,http://www.airqualityontario.com/aqhi/today.php?sites=27067,"tag:airqualityontario.com,2025-01-20:ontario-aqhi-27067-2:202501201300"
St. Catharines: Forecast Monday,2 - Low Risk,2025-01-20T06:02:00-05:00,text/html,http://www.airqualityontario.com/aqhi/today.php?sites=27067,"tag:airqualityontario.com,2025-01-20:ontario-aqhi-f1-27067-2:202501200602"
St. Catharines: Forecast Monday Night,2 - Low Risk,2025-01-20T06:02:00-05:00,text/html,http://www.airqualityontario.com/aqhi/today.php?sites=27067,"tag:airqualityontario.com,2025-01-20:ontario-aqhi-f2-27067-2:202501200602"
St. Catharines: Forecast Tuesday,2 - Low Risk,2025-01-20T06:02:00-05:00,text/html,http://www.airqualityontario.com/aqhi/today.php?sites=27067,"tag:airqualityontario.com,2025-01-20:ontario-aqhi-f3-27067-2:202501200602"
Guelph: Current Observation,2 - Low Risk,2025-01-20T13:00:00-05:00,text/html,http://www.airqualityontario.com/aqhi/today.php?sites=28028,"tag:airqualityontario.com,2025-01-20:ontario-aqhi-28028-2:202501201300"
Guelph: Forecast Monday,2 - Low Risk,2025-01-20T06:02:00-05:00,text/html,http://www.airqualityontario.com/aqhi/today.php?sites=28028,"tag:airqualityontario.com,2025-01-20:ontario-aqhi-f1-28028-2:202501200602"
Guelph: Forecast Monday Night,3 - Low Risk,2025-01-20T06:02:00-05:00,text/html,http://www.airqualityontario.com/aqhi/today.php?sites=28028,"tag:airqualityontario.com,2025-01-20:ontario-aqhi-f2-28028-3:202501200602"
Guelph: Forecast Tuesday,3 - Low Risk,2025-01-20T06:02:00-05:00,text/html,http://www.airqualityontario.com/aqhi/today.php?sites=28028,"tag:airqualityontario.com,2025-01-20:ontario-aqhi-f3-28028-3:202501200602"
Hamilton West: Current Observation,2 - Low Risk,2025-01-20T13:00:00-05:00,text/html,http://www.airqualityontario.com/aqhi/today.php?sites=29118,"tag:airqualityontario.com,2025-01-20:ontario-aqhi-29118-2:202501201300"
Hamilton West: Forecast Monday,2 - Low Risk,2025-01-20T06:02:00-05:00,text/html,http://www.airqualityontario.com/aqhi/today.php?sites=29118,"tag:airqualityontario.com,2025-01-20:ontario-aqhi-f1-29118-2:202501200602"
Hamilton West: Forecast Monday Night,2 - Low Risk,2025-01-20T06:02:00-05:00,text/html,http://www.airqualityontario.com/aqhi/today.php?sites=29118,"tag:airqualityontario.com,2025-01-20:ontario-aqhi-f2-29118-2:202501200602"
Hamilton West: Forecast Tuesday,2 - Low Risk,2025-01-20T06:02:00-05:00,text/html,http://www.airqualityontario.com/aqhi/today.php?sites=29118,"tag:airqualityontario.com,2025-01-20:ontario-aqhi-f3-29118-2:202501200602"
Hamilton Mountain: Current Observation,2 - Low Risk,2025-01-20T13:00:00-05:00,text/html,http://www.airqualityontario.com/aqhi/today.php?sites=29214,"tag:airqualityontario.com,2025-01-20:ontario-aqhi-29214-2:202501201300"
Hamilton Mountain: Forecast Monday,2 - Low Risk,2025-01-20T06:02:00-05:00,text/html,http://www.airqualityontario.com/aqhi/today.php?sites=29214,"tag:airqualityontario.com,2025-01-20:ontario-aqhi-f1-29214-2:202501200602"
Hamilton Mountain: Forecast Monday Night,2 - Low Risk,2025-01-20T06:02:00-05:00,text/html,http://www.airqualityontario.com/aqhi/today.php?sites=29214,"tag:airqualityontario.com,2025-01-20:ontario-aqhi-f2-29214-2:202501200602"
Hamilton Mountain: Forecast Tuesday,2 - Low Risk,2025-01-20T06:02:00-05:00,text/html,http://www.airqualityontario.com/aqhi/today.php?sites=29214,"tag:airqualityontario.com,2025-01-20:ontario-aqhi-f3-29214-2:202501200602"
Toronto Downtown: Current Observation,3 - Low Risk,2025-01-20T13:00:00-05:00,text/html,http://www.airqualityontario.com/aqhi/today.php?sites=31129,"tag:airqualityontario.com,2025-01-20:ontario-aqhi-31129-3:202501201300"
Toronto Downtown: Forecast Monday,3 - Low Risk,2025-01-20T06:02:00-05:00,text/html,http://www.airqualityontario.com/aqhi/today.php?sites=31129,"tag:airqualityontario.com,2025-01-20:ontario-aqhi-f1-31129-3:202501200602"
Toronto Downtown: Forecast Monday Night,3 - Low Risk,2025-01-20T06:02:00-05:00,text/html,http://www.airqualityontario.com/aqhi/today.php?sites=31129,"tag:airqualityontario.com,2025-01-20:ontario-aqhi-f2-31129-3:202501200602"
Toronto Downtown: Forecast Tuesday,3 - Low Risk,2025-01-20T06:02:00-05:00,text/html,http://www.airqualityontario.com/aqhi/today.php?sites=31129,"tag:airqualityontario.com,2025-01-20:ontario-aqhi-f3-31129-3:202501200602"
Toronto East: Current Observation,3 - Low Risk,2025-01-20T13:00:00-05:00,text/html,http://www.airqualityontario.com/aqhi/today.php?sites=33003,"tag:airqualityontario.com,2025-01-20:ontario-aqhi-33003-3:202501201300"
Toronto East: Forecast Monday,3 - Low Risk,2025-01-20T06:02:00-05:00,text/html,http://www.airqualityontario.com/aqhi/today.php?sites=33003,"tag:airqualityontario.com,2025-01-20:ontario-aqhi-f1-33003-3:202501200602"
Toronto East: Forecast Monday Night,3 - Low Risk,2025-01-20T06:02:00-05:00,text/html,http://www.airqualityontario.com/aqhi/today.php?sites=33003,"tag:airqualityontario.com,2025-01-20:ontario-aqhi-f2-33003-3:202501200602"
Toronto East: Forecast Tuesday,3 - Low Risk,2025-01-20T06:02:00-05:00,text/html,http://www.airqualityontario.com/aqhi/today.php?sites=33003,"tag:airqualityontario.com,2025-01-20:ontario-aqhi-f3-33003-3:202501200602"
Toronto North: Current Observation,3 - Low Risk,2025-01-20T13:00:00-05:00,text/html,http://www.airqualityontario.com/aqhi/today.php?sites=34021,"tag:airqualityontario.com,2025-01-20:ontario-aqhi-34021-3:202501201300"
Toronto North: Forecast Monday,3 - Low Risk,2025-01-20T06:02:00-05:00,text/html,http://www.airqualityontario.com/aqhi/today.php?sites=34021,"tag:airqualityontario.com,2025-01-20:ontario-aqhi-f1-34021-3:202501200602"
Toronto North: Forecast Monday Night,2 - Low Risk,2025-01-20T06:02:00-05:00,text/html,http://www.airqualityontario.com/aqhi/today.php?sites=34021,"tag:airqualityontario.com,2025-01-20:ontario-aqhi-f2-34021-2:202501200602"
Toronto North: Forecast Tuesday,2 - Low Risk,2025-01-20T06:02:00-05:00,text/html,http://www.airqualityontario.com/aqhi/today.php?sites=34021,"tag:airqualityontario.com,2025-01-20:ontario-aqhi-f3-34021-2:202501200602"
Toronto West: Current Observation,3 - Low Risk,2025-01-20T13:00:00-05:00,text/html,http://www.airqualityontario.com/aqhi/today.php?sites=35125,"tag:airqualityontario.com,2025-01-20:ontario-aqhi-35125-3:202501201300"
Toronto West: Forecast Monday,3 - Low Risk,2025-01-20T06:02:00-05:00,text/html,http://www.airqualityontario.com/aqhi/today.php?sites=35125,"tag:airqualityontario.com,2025-01-20:ontario-aqhi-f1-35125-3:202501200602"
Toronto West: Forecast Monday Night,3 - Low Risk,2025-01-20T06:02:00-05:00,text/html,http://www.airqualityontario.com/aqhi/today.php?sites=35125,"tag:airqualityontario.com,2025-01-20:ontario-aqhi-f2-35125-3:202501200602"
Toronto West: Forecast Tuesday,3 - Low Risk,2025-01-20T06:02:00-05:00,text/html,http://www.airqualityontario.com/aqhi/today.php?sites=35125,"tag:airqualityontario.com,2025-01-20:ontario-aqhi-f3-35125-3:202501200602"
Burlington: Current Observation,3 - Low Risk,2025-01-20T13:00:00-05:00,text/html,http://www.airqualityontario.com/aqhi/today.php?sites=44008,"tag:airqualityontario.com,2025-01-20:ontario-aqhi-44008-3:202501201300"
Burlington: Forecast Monday,3 - Low Risk,2025-01-20T06:02:00-05:00,text/html,http://www.airqualityontario.com/aqhi/today.php?sites=44008,"tag:airqualityontario.com,2025-01-20:ontario-aqhi-f1-44008-3:202501200602"
Burlington: Forecast Monday Night,3 - Low Risk,2025-01-20T06:02:00-05:00,text/html,http://www.airqualityontario.com/aqhi/today.php?sites=44008,"tag:airqualityontario.com,2025-01-20:ontario-aqhi-f2-44008-3:202501200602"
Burlington: Forecast Tuesday,2 - Low Risk,2025-01-20T06:02:00-05:00,text/html,http://www.airqualityontario.com/aqhi/today.php?sites=44008,"tag:airqualityontario.com,2025-01-20:ontario-aqhi-f3-44008-2:202501200602"
Oakville: Current Observation,2 - Low Risk,2025-01-20T13:00:00-05:00,text/html,http://www.airqualityontario.com/aqhi/today.php?sites=44017,"tag:airqualityontario.com,2025-01-20:ontario-aqhi-44017-2:202501201300"
Oakville: Forecast Monday,3 - Low Risk,2025-01-20T06:02:00-05:00,text/html,http://www.airqualityontario.com/aqhi/today.php?sites=44017,"tag:airqualityontario.com,2025-01-20:ontario-aqhi-f1-44017-3:202501200602"
Oakville: Forecast Monday Night,3 - Low Risk,2025-01-20T06:02:00-05:00,text/html,http://www.airqualityontario.com/aqhi/today.php?sites=44017,"tag:airqualityontario.com,2025-01-20:ontario-aqhi-f2-44017-3:202501200602"
Oakville: Forecast Tuesday,2 - Low Risk,2025-01-20T06:02:00-05:00,text/html,http://www.airqualityontario.com/aqhi/today.php?sites=44017,"tag:airqualityontario.com,2025-01-20:ontario-aqhi-f3-44017-2:202501200602"
Milton: Current Observation,3 - Low Risk,2025-01-20T13:00:00-05:00,text/html,http://www.airqualityontario.com/aqhi/today.php?sites=44029,"tag:airqualityontario.com,2025-01-20:ontario-aqhi-44029-3:202501201300"
Milton: Forecast Monday,2 - Low Risk,2025-01-20T06:02:00-05:00,text/html,http://www.airqualityontario.com/aqhi/today.php?sites=44029,"tag:airqualityontario.com,2025-01-20:ontario-aqhi-f1-44029-2:202501200602"
Milton: Forecast Monday Night,2 - Low Risk,2025-01-20T06:02:00-05:00,text/html,http://www.airqualityontario.com/aqhi/today.php?sites=44029,"tag:airqualityontario.com,2025-01-20:ontario-aqhi-f2-44029-2:202501200602"
Milton: Forecast Tuesday,2 - Low Risk,2025-01-20T06:02:00-05:00,text/html,http://www.airqualityontario.com/aqhi/today.php?sites=44029,"tag:airqualityontario.com,2025-01-20:ontario-aqhi-f3-44029-2:202501200602"
Oshawa: Current Observation,2 - Low Risk,2025-01-20T13:00:00-05:00,text/html,http://www.airqualityontario.com/aqhi/today.php?sites=45027,"tag:airqualityontario.com,2025-01-20:ontario-aqhi-45027-2:202501201300"
Oshawa: Forecast Monday,2 - Low Risk,2025-01-20T06:02:00-05:00,text/html,http://www.airqualityontario.com/aqhi/today.php?sites=45027,"tag:airqualityontario.com,2025-01-20:ontario-aqhi-f1-45027-2:202501200602"
Oshawa: Forecast Monday Night,3 - Low Risk,2025-01-20T06:02:00-05:00,text/html,http://www.airqualityontario.com/aqhi/today.php?sites=45027,"tag:airqualityontario.com,2025-01-20:ontario-aqhi-f2-45027-3:202501200602"
Oshawa: Forecast Tuesday,3 - Low Risk,2025-01-20T06:02:00-05:00,text/html,http://www.airqualityontario.com/aqhi/today.php?sites=45027,"tag:airqualityontario.com,2025-01-20:ontario-aqhi-f3-45027-3:202501200602"
Brampton: Current Observation,2 - Low Risk,2025-01-20T13:00:00-05:00,text/html,http://www.airqualityontario.com/aqhi/today.php?sites=46090,"tag:airqualityontario.com,2025-01-20:ontario-aqhi-46090-2:202501201300"
Brampton: Forecast Monday,3 - Low Risk,2025-01-20T06:02:00-05:00,text/html,http://www.airqualityontario.com/aqhi/today.php?sites=46090,"tag:airqualityontario.com,2025-01-20:ontario-aqhi-f1-46090-3:202501200602"
Brampton: Forecast Monday Night,3 - Low Risk,2025-01-20T06:02:00-05:00,text/html,http://www.airqualityontario.com/aqhi/today.php?sites=46090,"tag:airqualityontario.com,2025-01-20:ontario-aqhi-f2-46090-3:202501200602"
Brampton: Forecast Tuesday,3 - Low Risk,2025-01-20T06:02:00-05:00,text/html,http://www.airqualityontario.com/aqhi/today.php?sites=46090,"tag:airqualityontario.com,2025-01-20:ontario-aqhi-f3-46090-3:202501200602"
Mississauga: Current Observation,2 - Low Risk,2025-01-20T13:00:00-05:00,text/html,http://www.airqualityontario.com/aqhi/today.php?sites=46108,"tag:airqualityontario.com,2025-01-20:ontario-aqhi-46108-2:202501201300"
Mississauga: Forecast Monday,3 - Low Risk,2025-01-20T06:02:00-05:00,text/html,http://www.airqualityontario.com/aqhi/today.php?sites=46108,"tag:airqualityontario.com,2025-01-20:ontario-aqhi-f1-46108-3:202501200602"
Mississauga: Forecast Monday Night,3 - Low Risk,2025-01-20T06:02:00-05:00,text/html,http://www.airqualityontario.com/aqhi/today.php?sites=46108,"tag:airqualityontario.com,2025-01-20:ontario-aqhi-f2-46108-3:202501200602"
Mississauga: Forecast Tuesday,3 - Low Risk,2025-01-20T06:02:00-05:00,text/html,http://www.airqualityontario.com/aqhi/today.php?sites=46108,"tag:airqualityontario.com,2025-01-20:ontario-aqhi-f3-46108-3:202501200602"
Barrie: Current Observation,Not Available,2025-01-20T13:00:00-05:00,text/html,http://www.airqualityontario.com/aqhi/today.php?sites=47045,"tag:airqualityontario.com,2025-01-20:ontario-aqhi-47045-0:202501201300"
Barrie: Forecast Monday,2 - Low Risk,2025-01-20T06:02:00-05:00,text/html,http://www.airqualityontario.com/aqhi/today.php?sites=47045,"tag:airqualityontario.com,2025-01-20:ontario-aqhi-f1-47045-2:202501200602"
Barrie: Forecast Monday Night,2 - Low Risk,2025-01-20T06:02:00-05:00,text/html,http://www.airqualityontario.com/aqhi/today.php?sites=47045,"tag:airqualityontario.com,2025-01-20:ontario-aqhi-f2-47045-2:202501200602"
Barrie: Forecast Tuesday,2 - Low Risk,2025-01-20T06:02:00-05:00,text/html,http://www.airqualityontario.com/aqhi/today.php?sites=47045,"tag:airqualityontario.com,2025-01-20:ontario-aqhi-f3-47045-2:202501200602"
Newmarket: Current Observation,2 - Low Risk,2025-01-20T13:00:00-05:00,text/html,http://www.airqualityontario.com/aqhi/today.php?sites=48006,"tag:airqualityontario.com,2025-01-20:ontario-aqhi-48006-2:202501201300"
Newmarket: Forecast Monday,2 - Low Risk,2025-01-20T06:02:00-05:00,text/html,http://www.airqualityontario.com/aqhi/today.php?sites=48006,"tag:airqualityontario.com,2025-01-20:ontario-aqhi-f1-48006-2:202501200602"
Newmarket: Forecast Monday Night,3 - Low Risk,2025-01-20T06:02:00-05:00,text/html,http://www.airqualityontario.com/aqhi/today.php?sites=48006,"tag:airqualityontario.com,2025-01-20:ontario-aqhi-f2-48006-3:202501200602"
Newmarket: Forecast Tuesday,2 - Low Risk,2025-01-20T06:02:00-05:00,text/html,http://www.airqualityontario.com/aqhi/today.php?sites=48006,"tag:airqualityontario.com,2025-01-20:ontario-aqhi-f3-48006-2:202501200602"
Parry Sound: Current Observation,2 - Low Risk,2025-01-20T13:00:00-05:00,text/html,http://www.airqualityontario.com/aqhi/today.php?sites=49005,"tag:airqualityontario.com,2025-01-20:ontario-aqhi-49005-2:202501201300"
Parry Sound: Forecast Monday,2 - Low Risk,2025-01-20T06:02:00-05:00,text/html,http://www.airqualityontario.com/aqhi/today.php?sites=49005,"tag:airqualityontario.com,2025-01-20:ontario-aqhi-f1-49005-2:202501200602"
Parry Sound: Forecast Monday Night,2 - Low Risk,2025-01-20T06:02:00-05:00,text/html,http://www.airqualityontario.com/aqhi/today.php?sites=49005,"tag:airqualityontario.com,2025-01-20:ontario-aqhi-f2-49005-2:202501200602"
Parry Sound: Forecast Tuesday,2 - Low Risk,2025-01-20T06:02:00-05:00,text/html,http://www.airqualityontario.com/aqhi/today.php?sites=49005,"tag:airqualityontario.com,2025-01-20:ontario-aqhi-f3-49005-2:202501200602"
Dorset: Current Observation,2 - Low Risk,2025-01-20T13:00:00-05:00,text/html,http://www.airqualityontario.com/aqhi/today.php?sites=49010,"tag:airqualityontario.com,2025-01-20:ontario-aqhi-49010-2:202501201300"
Dorset: Forecast Monday,2 - Low Risk,2025-01-20T06:02:00-05:00,text/html,http://www.airqualityontario.com/aqhi/today.php?sites=49010,"tag:airqualityontario.com,2025-01-20:ontario-aqhi-f1-49010-2:202501200602"
Dorset: Forecast Monday Night,2 - Low Risk,2025-01-20T06:02:00-05:00,text/html,http://www.airqualityontario.com/aqhi/today.php?sites=49010,"tag:airqualityontario.com,2025-01-20:ontario-aqhi-f2-49010-2:202501200602"
Dorset: Forecast Tuesday,2 - Low Risk,2025-01-20T06:02:00-05:00,text/html,http://www.airqualityontario.com/aqhi/today.php?sites=49010,"tag:airqualityontario.com,2025-01-20:ontario-aqhi-f3-49010-2:202501200602"
Ottawa Downtown: Current Observation,2 - Low Risk,2025-01-20T13:00:00-05:00,text/html,http://www.airqualityontario.com/aqhi/today.php?sites=51001,"tag:airqualityontario.com,2025-01-20:ontario-aqhi-51001-2:202501201300"
Ottawa Downtown: Forecast Monday,2 - Low Risk,2025-01-20T06:02:00-05:00,text/html,http://www.airqualityontario.com/aqhi/today.php?sites=51001,"tag:airqualityontario.com,2025-01-20:ontario-aqhi-f1-51001-2:202501200602"
Ottawa Downtown: Forecast Monday Night,2 - Low Risk,2025-01-20T06:02:00-05:00,text/html,http://www.airqualityontario.com/aqhi/today.php?sites=51001,"tag:airqualityontario.com,2025-01-20:ontario-aqhi-f2-51001-2:202501200602"
Ottawa Downtown: Forecast Tuesday,2 - Low Risk,2025-01-20T06:02:00-05:00,text/html,http://www.airqualityontario.com/aqhi/today.php?sites=51001,"tag:airqualityontario.com,2025-01-20:ontario-aqhi-f3-51001-2:202501200602"
Kingston: Current Observation,2 - Low Risk,2025-01-20T13:00:00-05:00,text/html,http://www.airqualityontario.com/aqhi/today.php?sites=52023,"tag:airqualityontario.com,2025-01-20:ontario-aqhi-52023-2:202501201300"
Kingston: Forecast Monday,2 - Low Risk,2025-01-20T06:02:00-05:00,text/html,http://www.airqualityontario.com/aqhi/today.php?sites=52023,"tag:airqualityontario.com,2025-01-20:ontario-aqhi-f1-52023-2:202501200602"
Kingston: Forecast Monday Night,3 - Low Risk,2025-01-20T06:02:00-05:00,text/html,http://www.airqualityontario.com/aqhi/today.php?sites=52023,"tag:airqualityontario.com,2025-01-20:ontario-aqhi-f2-52023-3:202501200602"
Kingston: Forecast Tuesday,2 - Low Risk,2025-01-20T06:02:00-05:00,text/html,http://www.airqualityontario.com/aqhi/today.php?sites=52023,"tag:airqualityontario.com,2025-01-20:ontario-aqhi-f3-52023-2:202501200602"
Belleville: Current Observation,2 - Low Risk,2025-01-20T13:00:00-05:00,text/html,http://www.airqualityontario.com/aqhi/today.php?sites=54012,"tag:airqualityontario.com,2025-01-20:ontario-aqhi-54012-2:202501201300"
Belleville: Forecast Monday,2 - Low Risk,2025-01-20T06:02:00-05:00,text/html,http://www.airqualityontario.com/aqhi/today.php?sites=54012,"tag:airqualityontario.com,2025-01-20:ontario-aqhi-f1-54012-2:202501200602"
Belleville: Forecast Monday Night,2 - Low Risk,2025-01-20T06:02:00-05:00,text/html,http://www.airqualityontario.com/aqhi/today.php?sites=54012,"tag:airqualityontario.com,2025-01-20:ontario-aqhi-f2-54012-2:202501200602"
Belleville: Forecast Tuesday,2 - Low Risk,2025-01-20T06:02:00-05:00,text/html,http://www.airqualityontario.com/aqhi/today.php?sites=54012,"tag:airqualityontario.com,2025-01-20:ontario-aqhi-f3-54012-2:202501200602"
Cornwall: Current Observation,2 - Low Risk,2025-01-20T13:00:00-05:00,text/html,http://www.airqualityontario.com/aqhi/today.php?sites=56051,"tag:airqualityontario.com,2025-01-20:ontario-aqhi-56051-2:202501201300"
Cornwall: Forecast Monday,2 - Low Risk,2025-01-20T06:02:00-05:00,text/html,http://www.airqualityontario.com/aqhi/today.php?sites=56051,"tag:airqualityontario.com,2025-01-20:ontario-aqhi-f1-56051-2:202501200602"
Cornwall: Forecast Monday Night,3 - Low Risk,2025-01-20T06:02:00-05:00,text/html,http://www.airqualityontario.com/aqhi/today.php?sites=56051,"tag:airqualityontario.com,2025-01-20:ontario-aqhi-f2-56051-3:202501200602"
Cornwall: Forecast Tuesday,3 - Low Risk,2025-01-20T06:02:00-05:00,text/html,http://www.airqualityontario.com/aqhi/today.php?sites=56051,"tag:airqualityontario.com,2025-01-20:ontario-aqhi-f3-56051-3:202501200602"
Thunder Bay: Current Observation,2 - Low Risk,2025-01-20T13:00:00-05:00,text/html,http://www.airqualityontario.com/aqhi/today.php?sites=63203,"tag:airqualityontario.com,2025-01-20:ontario-aqhi-63203-2:202501201300"
Thunder Bay: Forecast Monday,2 - Low Risk,2025-01-20T06:02:00-05:00,text/html,http://www.airqualityontario.com/aqhi/today.php?sites=63203,"tag:airqualityontario.com,2025-01-20:ontario-aqhi-f1-63203-2:202501200602"
Thunder Bay: Forecast Monday Night,2 - Low Risk,2025-01-20T06:02:00-05:00,text/html,http://www.airqualityontario.com/aqhi/today.php?sites=63203,"tag:airqualityontario.com,2025-01-20:ontario-aqhi-f2-63203-2:202501200602"
Thunder Bay: Forecast Tuesday,2 - Low Risk,2025-01-20T06:02:00-05:00,text/html,http://www.airqualityontario.com/aqhi/today.php?sites=63203,"tag:airqualityontario.com,2025-01-20:ontario-aqhi-f3-63203-2:202501200602"
Sault Ste. Marie: Current Observation,3 - Low Risk,2025-01-20T13:00:00-05:00,text/html,http://www.airqualityontario.com/aqhi/today.php?sites=71078,"tag:airqualityontario.com,2025-01-20:ontario-aqhi-71078-3:202501201300"
Sault Ste. Marie: Forecast Monday,2 - Low Risk,2025-01-20T06:02:00-05:00,text/html,http://www.airqualityontario.com/aqhi/today.php?sites=71078,"tag:airqualityontario.com,2025-01-20:ontario-aqhi-f1-71078-2:202501200602"
Sault Ste. Marie: Forecast Monday Night,2 - Low Risk,2025-01-20T06:02:00-05:00,text/html,http://www.airqualityontario.com/aqhi/today.php?sites=71078,"tag:airqualityontario.com,2025-01-20:ontario-aqhi-f2-71078-2:202501200602"
Sault Ste. Marie: Forecast Tuesday,2 - Low Risk,2025-01-20T06:02:00-05:00,text/html,http://www.airqualityontario.com/aqhi/today.php?sites=71078,"tag:airqualityontario.com,2025-01-20:ontario-aqhi-f3-71078-2:202501200602"
Sudbury: Current Observation,3 - Low Risk,2025-01-20T13:00:00-05:00,text/html,http://www.airqualityontario.com/aqhi/today.php?sites=77233,"tag:airqualityontario.com,2025-01-20:ontario-aqhi-77233-3:202501201300"
Sudbury: Forecast Monday,3 - Low Risk,2025-01-20T06:02:00-05:00,text/html,http://www.airqualityontario.com/aqhi/today.php?sites=77233,"tag:airqualityontario.com,2025-01-20:ontario-aqhi-f1-77233-3:202501200602"
Sudbury: Forecast Monday Night,2 - Low Risk,2025-01-20T06:02:00-05:00,text/html,http://www.airqualityontario.com/aqhi/today.php?sites=77233,"tag:airqualityontario.com,2025-01-20:ontario-aqhi-f2-77233-2:202501200602"
Sudbury: Forecast Tuesday,2 - Low Risk,2025-01-20T06:02:00-05:00,text/html,http://www.airqualityontario.com/aqhi/today.php?sites=77233,"tag:airqualityontario.com,2025-01-20:ontario-aqhi-f3-77233-2:202501200602"
Hamilton Downtown: Current Observation,2 - Low Risk,2025-01-20T13:00:00-05:00,text/html,http://www.airqualityontario.com/aqhi/today.php?sites=29000,"tag:airqualityontario.com,2025-01-20:ontario-aqhi-29000-2:202501201300"
Hamilton Downtown: Forecast Monday,2 - Low Risk,2025-01-20T06:02:00-05:00,text/html,http://www.airqualityontario.com/aqhi/today.php?sites=29000,"tag:airqualityontario.com,2025-01-20:ontario-aqhi-f1-29000-2:202501200602"
Hamilton Downtown: Forecast Monday Night,2 - Low Risk,2025-01-20T06:02:00-05:00,text/html,http://www.airqualityontario.com/aqhi/today.php?sites=29000,"tag:airqualityontario.com,2025-01-20:ontario-aqhi-f2-29000-2:202501200602"
Hamilton Downtown: Forecast Tuesday,2 - Low Risk,2025-01-20T06:02:00-05:00,text/html,http://www.airqualityontario.com/aqhi/today.php?sites=29000,"tag:airqualityontario.com,2025-01-20:ontario-aqhi-f3-29000-2:202501200602"
Grand Bend: Current Observation,2 - Low Risk,2025-01-20T13:00:00-05:00,text/html,http://www.airqualityontario.com/aqhi/today.php?sites=15020,"tag:airqualityontario.com,2025-01-20:ontario-aqhi-15020-2:202501201300"
Grand Bend: Forecast Monday,2 - Low Risk,2025-01-20T06:02:00-05:00,text/html,http://www.airqualityontario.com/aqhi/today.php?sites=15020,"tag:airqualityontario.com,2025-01-20:ontario-aqhi-f1-15020-2:202501200602"
Grand Bend: Forecast Monday Night,2 - Low Risk,2025-01-20T06:02:00-05:00,text/html,http://www.airqualityontario.com/aqhi/today.php?sites=15020,"tag:airqualityontario.com,2025-01-20:ontario-aqhi-f2-15020-2:202501200602"
Grand Bend: Forecast Tuesday,2 - Low Risk,2025-01-20T06:02:00-05:00,text/html,http://www.airqualityontario.com/aqhi/today.php?sites=15020,"tag:airqualityontario.com,2025-01-20:ontario-aqhi-f3-15020-2:202501200602"
Peterborough: Current Observation,2 - Low Risk,2025-01-20T13:00:00-05:00,text/html,http://www.airqualityontario.com/aqhi/today.php?sites=59006,"tag:airqualityontario.com,2025-01-20:ontario-aqhi-59006-2:202501201300"
Peterborough: Forecast Monday,2 - Low Risk,2025-01-20T06:02:00-05:00,text/html,http://www.airqualityontario.com/aqhi/today.php?sites=59006,"tag:airqualityontario.com,2025-01-20:ontario-aqhi-f1-59006-2:202501200602"
Peterborough: Forecast Monday Night,2 - Low Risk,2025-01-20T06:02:00-05:00,text/html,http://www.airqualityontario.com/aqhi/today.php?sites=59006,"tag:airqualityontario.com,2025-01-20:ontario-aqhi-f2-59006-2:202501200602"
Peterborough: Forecast Tuesday,2 - Low Risk,2025-01-20T06:02:00-05:00,text/html,http://www.airqualityontario.com/aqhi/today.php?sites=59006,"tag:airqualityontario.com,2025-01-20:ontario-aqhi-f3-59006-2:202501200602"
North Bay: Current Observation,2 - Low Risk,2025-01-20T13:00:00-05:00,text/html,http://www.airqualityontario.com/aqhi/today.php?sites=75010,"tag:airqualityontario.com,2025-01-20:ontario-aqhi-75010-2:202501201300"
North Bay: Forecast Monday,3 - Low Risk,2025-01-20T06:02:00-05:00,text/html,http://www.airqualityontario.com/aqhi/today.php?sites=75010,"tag:airqualityontario.com,2025-01-20:ontario-aqhi-f1-75010-3:202501200602"
North Bay: Forecast Monday Night,2 - Low Risk,2025-01-20T06:02:00-05:00,text/html,http://www.airqualityontario.com/aqhi/today.php?sites=75010,"tag:airqualityontario.com,2025-01-20:ontario-aqhi-f2-75010-2:202501200602"
North Bay: Forecast Tuesday,2 - Low Risk,2025-01-20T06:02:00-05:00,text/html,http://www.airqualityontario.com/aqhi/today.php?sites=75010,"tag:airqualityontario.com,2025-01-20:ontario-aqhi-f3-75010-2:202501200602"
Disclaimer,"This information is provided as a public service, but we cannot guarantee that it is current or accurate.
    Readers should verify the information before acting on it.
    This site is maintained by the Government of Ontario, Canada.
     Copyright: King's Printer for Ontario, 2025",2025-01-20T12:00:00-05:00,text/html,http://www.airqualityontario.com/science/disclaimer.php,"tag:airqualityontario.com,2025-01-20:ontario-disclaimer:202501201200"
